products,image_url,price,rating,f_assured,brand
prod1,https://5.imimg.com/data5/ECOM/Default/2023/3/292433024/LB/LK/XF/133829801/4163-1-500x500.jpg,1500,4,0,brand1
prod2,https://rukminim2.flixcart.com/image/832/832/xif0q/dress/r/f/y/xl-wdr2022020-black-beatnik-original-imagkk3dkujabg3f.jpeg?q=70,2500,3,1,brand2
prod3,https://rukminim2.flixcart.com/image/612/612/xif0q/dress/4/3/z/m-aa-00153-blue-aayu-original-imagz83xwfc5vvkz.jpeg?q=70,3000,5,0,brand2
prod4,https://rukminim2.flixcart.com/image/832/832/l09w8sw0/kurta/t/d/w/l-raaka-black-grey-kurta-218-raaka-original-imagc3pb2ezgshqy.jpeg?q=70,400,2,1,brand3
prod5,https://rukminim2.flixcart.com/image/832/832/xif0q/ethnic-set/g/m/w/xxl-ksd3114-vaaba-original-imagh6uczkzejphw.jpeg?q=70,2000,3,0,brand5
prod6,https://rukminim2.flixcart.com/image/612/612/xif0q/dress/k/f/o/s-a1-zwerlon-original-imagn5b8xgayazhy.jpeg?q=70,2200,5,1,brand2
prod7,https://rukminim2.flixcart.com/image/832/832/xif0q/kurta/n/x/z/s-kfpl-1090-white-kayraah-original-imagpm7aw5yzyzeb.jpeg?q=70,2300,1,0,brand1
prod8,https://rukminim2.flixcart.com/image/612/612/xif0q/dress/7/f/c/xs-a1204-sheetal-associates-original-imag9xt9czmjmzrz-bb.jpeg?q=70,3300,3,1,brand3
prod9,https://rukminim2.flixcart.com/image/612/612/xif0q/dress/e/t/c/s-aa-00190-white-aayu-original-imagmmfxvzmvhyru.jpeg?q=70,5500,4,0,brand5
prod10,https://rukminim2.flixcart.com/image/832/832/kgv5x8w0-0/kurta/c/6/o/xxl-gw104-3-glowworld-original-imafwzhfybgeuzja.jpeg?q=70,7700,2,1,brand2
prod11,https://rukminim2.flixcart.com/image/832/832/kj0bp8w0-0/kurta/a/r/v/s-51vs1058kr-vasant-apparel-original-imafyzd5gntqndrt.jpeg?q=70,1250,5,0,brand5
prod12,https://rukminim2.flixcart.com/image/612/612/xif0q/dress/o/b/d/l-cdd-4-l-ravaiyaa-attitude-is-everything-original-imagmf5zv4cx9x7q.jpeg?q=70,5670,4,1,brand4
prod13,https://rukminim2.flixcart.com/image/832/832/xif0q/ethnic-set/j/x/k/xl-131-wine-kurta-pant-dupatta-set-zivaa-original-imagdgbpfh5qxhq7.jpeg?q=70,4321,3,0,brand4
prod14,https://rukminim2.flixcart.com/image/612/612/xif0q/dress/p/a/g/s-wdr2022056-beatnik-original-imaghwkmhrrznsuz.jpeg?q=70,5721,4,1,brand4
prod15,https://rukminim2.flixcart.com/image/612/612/xif0q/dress/b/q/s/xxl-3050-paralians-original-imagr4rt33egvzph.jpeg?q=70,700,2,0,brand4
prod16,https://rukminim2.flixcart.com/image/612/612/xif0q/kurta/d/n/p/m-ss-41-femvy-original-imaggrbjkzg9gngk.jpeg?q=70,850,5,1,brand1
prod17,https://rukminim2.flixcart.com/image/832/832/xif0q/ethnic-set/8/8/c/xl-tr-prashant-trahimam-original-imaghy7x4fjsu5kx.jpeg?q=70,1345,5,0,brand1
prod18,https://rukminim2.flixcart.com/image/612/612/xif0q/dress/o/o/b/m-wdr2023002-white-beatnik-original-imagrmfgsg6tndyw.jpeg?q=70,6785,2,1,brand2
prod19,https://rukminim2.flixcart.com/image/612/612/xif0q/salwar-kurta-dupatta/a/x/k/xl-rx-021-bu-sky-royal-export-original-imagh9ezxremh63w.jpeg?q=70,8934,3,0,brand5
prod20,https://rukminim2.flixcart.com/image/612/612/xif0q/dress/k/h/a/s-485tk10677-selvia-original-imagqqy7gzryfkkp.jpeg?q=70,8723,1,1,brand5
prod21,https://rukminim2.flixcart.com/image/612/612/xif0q/dress/g/g/e/m-gr3308-multi-harpa-original-imafwyxj28gzh83n-bb.jpeg?q=70,2200,4,0,brand4
prod22,https://rukminim2.flixcart.com/image/832/832/kqpj4i80/kurta/d/b/a/xl-ku632grn-mokshi-original-imag4nmvm4bsdhzh.jpeg?q=70,3999,5,1,brand2
prod23,https://rukminim2.flixcart.com/image/832/832/khdqnbk0/ethnic-set/u/f/j/xl-ie26kd9bk1857-indo-era-original-imafxeqkwr3nzxzd.jpeg?q=70,4400,4,0,brand1
prod24,https://rukminim2.flixcart.com/image/612/612/xif0q/dress/l/p/v/m-959-hetvi-creation-original-imagqkjdvadhhcee.jpeg?q=70,570,3,1,brand1
prod25,https://rukminim2.flixcart.com/image/832/832/keq058w0-0/kurta/l/k/q/s-gbk1208-god-bless-original-imafvccftnhd6hdz.jpeg?q=70,2220,5,0,brand4
prod26,https://rukminim2.flixcart.com/image/612/612/xif0q/dress/b/y/c/xl-d-540-marron-xl-tendy-original-imaghdb3yrmfdjzq.jpeg?q=70,1245,4,1,brand5
prod27,https://rukminim2.flixcart.com/image/832/832/l4ln8nk0/sari/p/2/u/free-2535s934-samah-unstitched-original-imagfgq7pc2mc4vz.jpeg?q=70,6000,1,0,brand1
prod28,https://rukminim2.flixcart.com/image/832/832/l27wtjk0/sari/j/x/q/free-daimond-saree-big-fashion-unstitched-original-imagdmy5g3twxtaj.jpeg?q=70,15000,2,1,brand2
prod29,https://rukminim2.flixcart.com/image/832/832/xif0q/sari/i/t/a/free-n-gulzar-coffe-patlani-style-unstitched-original-imag6zf2js6xdp2a.jpeg?q=70,4500,3,0,brand3
prod30,https://rukminim2.flixcart.com/image/832/832/kxtaxzk0/sari/b/o/y/free-n-gulzar-lemon-patlani-style-unstitched-original-imaga6svujjeez64.jpeg?q=70,8000,4,1,brand4
prod31,https://rukminim2.flixcart.com/image/832/832/kkmwr680/sari/x/p/j/free-n-gulzar-firoji-patlani-style-unstitched-original-imafzxzkztprfwcf.jpeg?q=70,3000,5,0,brand5
prod32,https://rukminim2.flixcart.com/image/832/832/krtjgcw0/sari/f/o/w/free-g-net-white-lovisa-fashion-unstitched-original-imag5j4u6hmpwyd8.jpeg?q=70,4000,6,1,brand1
prod33,https://rukminim2.flixcart.com/image/312/312/l4ln8nk0/sari/p/2/u/free-2535s934-samah-unstitched-original-imagfgq7pc2mc4vz.jpeg?q=70,3600,1,0,brand2
prod34,https://rukminim2.flixcart.com/image/1000/1000/xif0q/sari/q/s/v/free-sen-sari-white-briva-unstitched-original-imagrmrbnsb95rhb.jpeg?q=70,2100,2,1,brand3
prod35,https://rukminim2.flixcart.com/image/612/612/xif0q/shirt/b/l/n/xl-s103-5-ftx-original-imagpb69gxs8xvfg.jpeg?q=70,500,1,0,brand1
prod36,https://rukminim2.flixcart.com/image/612/612/l0fm07k0/shirt/z/q/a/48-peshonubq95272-peter-england-original-imagc8fttchyqzy2.jpeg?q=70,550,2,1,brand2
prod37,https://rukminim2.flixcart.com/image/832/832/ja9yg7k0/shirt/w/v/z/42-vhsh1m76833-van-heusen-original-imaevxv62gjrzcxp.jpeg?q=70,600,3,0,brand3
prod38,https://rukminim2.flixcart.com/image/612/612/xif0q/shirt/l/b/u/s-s103-11-ftx-original-imagpb69c53ydkcu.jpeg?q=70,650,4,1,brand4
prod39,https://rukminim2.flixcart.com/image/612/612/xif0q/shirt/f/6/y/xl-s103-9-ftx-original-imagpb69fync4u6d.jpeg?q=70,700,5,0,brand5
prod40,https://rukminim2.flixcart.com/image/612/612/xif0q/shirt/f/1/o/-original-imagznz8nk6gy6zv.jpeg?q=70,750,1,1,brand1
prod41,https://rukminim2.flixcart.com/image/612/612/xif0q/shirt/b/d/f/3xl-13-lstr-wine-vtexx-original-imagnzbummhkgr7p.jpeg?q=70,800,2,0,brand2
prod42,https://rukminim2.flixcart.com/image/612/612/xif0q/shirt/v/l/a/-original-imagpxeh7kmaah9a.jpeg?q=70,850,3,1,brand3
Men's Shirt,https://rukminim2.flixcart.com/image/612/612/ktrk13k0/shirt/u/m/c/40-lysfcslpb06905-louis-philippe-sport-original-imag7f8y5vmtxzeh.jpeg?q=70,900,4,0,brand4
prod44,https://rukminim2.flixcart.com/image/612/612/kk5rgy80/shirt/j/b/7/40-lrsfcslpc39417-louis-philippe-jeans-original-imafzkcptxv75zab.jpeg?q=70,950,5,1,brand5
prod45,https://rukminim2.flixcart.com/image/612/612/kwzap3k0/shirt/g/q/9/m-lstr-grey-p-v-creations-original-imag9jggsvfcgpp4.jpeg?q=70,1000,1,0,brand1
prod46,https://rukminim2.flixcart.com/image/612/612/xif0q/shirt/i/o/r/-original-imagqdwmxxbdgg6h.jpeg?q=70,1050,2,1,brand2
prod47,https://rukminim2.flixcart.com/image/612/612/kwl0akw0/shirt/d/q/i/xxl-bomchk-seagreen-base-41-original-imag987rnfefv7r2.jpeg?q=70,800,5,1,brand3
prod48,https://rukminim2.flixcart.com/image/612/612/xif0q/shirt/z/r/d/m-lwhite-base-41-original-imafyy3gcs8bghjn-bb.jpeg?q=70,399,5,1,brand4
prod49,https://rukminim2.flixcart.com/image/612/612/xif0q/shirt/8/7/p/40-vasheslfa03777-van-heusen-academy-original-imaghygrpbffuhr6.jpeg?q=70,500,5,1,brand5
Men's Formal Cotton Shirt,https://rukminim2.flixcart.com/image/612/612/l4bn5ow0/shirt/v/5/b/l-casual-chk-green-base-41-original-imagf8sc5yh46zna.jpeg?q=70,660,5,1,brand2
prod51,https://rukminim2.flixcart.com/image/612/612/xif0q/suit/9/8/n/xl-dlnxfssuit04-01black-dlanxa-original-imagn4d2zknhtzfc.jpeg?q=70,3000,3,1,brand1
prod52,https://rukminim2.flixcart.com/image/612/612/xif0q/suit/s/t/7/l-hnw-sct1wine-honnete-original-imagzfzsgcjgmhbz.jpeg?q=70,2000,2,0,brand2
prod53,https://rukminim2.flixcart.com/image/612/612/xif0q/blazer/k/v/p/xl-ad04ny10bk-hautemoda-original-imagzrgjhktz5ynm.jpeg?q=70,6999,5,1,brand2
prod54,https://rukminim2.flixcart.com/image/612/612/xif0q/suit/f/d/q/5xl-dlnxfssuit03offwht-dlanxa-original-imagn4dnu2mcf3dh.jpeg?q=70,2200,3,0,brand3
prod55,https://rukminim2.flixcart.com/image/612/612/xif0q/trouser/f/m/f/4xl-dlnxpant01mehandi-dlanxa-original-imagn426zchsncrf.jpeg?q=70,3100,1,1,brand4
prod56,https://rukminim2.flixcart.com/image/612/612/xif0q/blazer/l/0/6/3xl-dlnxfscoat03iceblue-dlanxa-original-imagq2srjzxjah9y.jpeg?q=70,6000,2,0,brand5
prod57,https://rukminim2.flixcart.com/image/612/612/xif0q/blazer/t/e/2/xs-01-naksh-style-original-imagg9xdutwgzgsc.jpeg?q=70,3200,4,1,brand3
prod58,https://rukminim2.flixcart.com/image/612/612/xif0q/suit/6/z/6/3xl-dlnxfssuit08beige-dlanxa-original-imagp3e5ruahrjgz.jpeg?q=70,1100,3,0,brand3
prod59,https://rukminim2.flixcart.com/image/612/612/xif0q/suit/d/m/k/xxl-dbco00000472c-deebaco-original-imagh3z9vuhd4fjj.jpeg?q=70,3200,2,1,brand3
prod60,https://rukminim2.flixcart.com/image/612/612/xif0q/suit/f/j/l/xxl-yw21set1015-yoonoy-original-imagbagmryzd28sw-bb.jpeg?q=70,4500,5,0,brand4
prod61,https://rukminim2.flixcart.com/image/612/612/xif0q/suit/t/j/x/4xl-dlnxfssuit03skyblue-dlanxa-original-imagn4d3zze7vzvs.jpeg?q=70,200,3,1,brand5
prod62,https://rukminim2.flixcart.com/image/612/612/xif0q/suit/8/5/t/l-dlnxfssuit03onion-dlanxa-original-imagqgjbhrt7smfp.jpeg?q=70,2999,1,0,brand3
prod63,https://rukminim2.flixcart.com/image/612/612/xif0q/suit/e/5/5/l-ad11caz19nv-hautemoda-original-imagznu72yzqeyyd.jpeg?q=70,5100,2,1,brand2
prod64,https://rukminim2.flixcart.com/image/612/612/xif0q/suit/b/s/m/s-dbco00000472-deebaco-original-imagdyt7dvegzzxf-bb.jpeg?q=70,4999,4,0,brand1
prod65,https://rukminim2.flixcart.com/image/612/612/xif0q/kurta/c/o/w/xl-kurta-08-yellow-lookmark-original-imags9uzucv6gzen.jpeg?q=70,300,5,1,brand1
prod66,https://rukminim2.flixcart.com/image/612/612/kl175ow0/kurta/j/x/q/l-kaifoo-new-printed-kurta-kaifoo-original-imagy8tt3zqhgn6g.jpeg?q=70,220,5,1,brand4
prod67,https://rukminim2.flixcart.com/image/612/612/kx50gi80/kurta/a/7/h/m-rs22lnkt-rb-rope-original-imag9zf8sgyzrcyz.jpeg?q=70,299,5,1,brand3
prod68,https://rukminim2.flixcart.com/image/612/612/xif0q/kurta/o/9/b/xxl-men-printed-cotton-straight-kurta-rkzone-original-imagg33zffwe4y97.jpeg?q=70,320,1,0,brand4
prod69,https://rukminim2.flixcart.com/image/612/612/xif0q/kurta/o/4/i/m-sksh-dt1105-grn-fubar-original-imafuy3x54zuremz-bb.jpeg?q=70,222,3,1,brand5
prod70,https://rukminim2.flixcart.com/image/612/612/xif0q/kurta/e/z/u/l-men-printed-cotton-straight-kurta-rkzone-original-imagg33zy7ymrz9v.jpeg?q=70,170,3,1,brand1
prod71,https://rukminim2.flixcart.com/image/832/832/jsc3ssw0/kurta/x/g/d/xl-f2m2-t6-peacock-f2m-original-imafahzhhzq4rs4f.jpeg?q=70,999,5,1,brand2
prod72,https://rukminim2.flixcart.com/image/612/612/xif0q/kurta/o/y/1/m-1109-ravendra-creation-original-imag72j2h37rja3p-bb.jpeg?q=70,599,5,1,brand3
prod73,https://rukminim2.flixcart.com/image/612/612/l26hdow0/kurta/h/n/r/s-mkr0ow01035-indo-era-original-imagdkejvhtpz4fg.jpeg?q=70,1020,2,0,brand4
prod74,https://rukminim2.flixcart.com/image/612/612/xif0q/kurta/v/0/k/m-na-ri22-h-sku-sand-pl-riag-original-imagzgfkdscbfumx.jpeg?q=70,990,5,1,brand5
prod75,https://rukminim2.flixcart.com/image/832/832/xif0q/kurta/e/u/f/l-white-new-model-linens-spoque-original-imagmam6jscmw76u.jpeg?q=70,1000,3,0,brand1
prod76,https://rukminim2.flixcart.com/image/612/612/xif0q/kurta/e/u/h/l-blue-kurta-s-kaashi-couture-original-imagn8rghz8eu5zs.jpeg?q=70,300,5,1,brand1
prod77,https://rukminim2.flixcart.com/image/612/612/xif0q/kurta/z/w/3/s-blue-kurta-s-kaashi-couture-original-imagn8rdqsfz6xnc.jpeg?q=70,220,2,0,brand2
prod78,https://rukminim2.flixcart.com/image/612/612/xif0q/kurta/q/z/y/s-blue-kurta-s-kaashi-couture-original-imagn8rdp5vtjfc7.jpeg?q=70,299,5,1,brand3
prod79,https://rukminim2.flixcart.com/image/612/612/xif0q/kurta/1/s/w/xxl-19-red-kurta-s-kaashi-couture-original-imagn8rdfxzkdmn3.jpeg?q=70,320,1,0,brand4
prod80,https://rukminim2.flixcart.com/image/612/612/xif0q/ethnic-set/y/r/c/xl-men-jacquard-kurta-and-pyjama-set-shubhmangalam-original-imags5hhvhmbkv9m.jpeg?q=70,222,3,1,brand5
prod81,https://rukminim2.flixcart.com/image/612/612/xif0q/kurta/p/n/2/s-kurta-embroidey-karni-fashion-original-imag7wdfxgdcxgtg.jpeg?q=70,170,3,1,brand1
prod82,https://rukminim2.flixcart.com/image/612/612/xif0q/ethnic-set/u/f/y/m-krtpj-print-set-sq-blr-fubar-original-imaga8y4hd9wyngu-bb.jpeg?q=70,999,5,1,brand2
prod83,https://rukminim2.flixcart.com/image/612/612/xif0q/ethnic-set/a/y/8/xxl-men-jacquard-kurta-and-pyjama-set-shubhmangalam-original-imags5hhhvcsvnbv.jpeg?q=70,599,5,1,brand3
prod84,https://rukminim2.flixcart.com/image/612/612/xif0q/ethnic-set/l/8/n/l-23-ocmoh-original-imagpjzbryjcq2pp.jpeg?q=70,1020,2,0,brand4
prod85,https://rukminim2.flixcart.com/image/612/612/xif0q/kurta/b/r/o/xxl-blue-kurta-s-kaashi-couture-original-imagn8rdz92ncat8.jpeg?q=70,990,5,1,brand5
prod86,https://rukminim2.flixcart.com/image/612/612/l19m93k0/ethnic-set/s/h/l/xl-06-ocmoh-original-imagcvgqbztystrc.jpeg?q=70,1000,3,0,brand1
prod87,https://rukminim2.flixcart.com/image/832/832/xif0q/t-shirt/m/4/u/xl-culish-tshirt06-culish-original-imaghyruwjstvhxf.jpeg?q=70,700,2,1,brand1
prod88,https://rukminim2.flixcart.com/image/832/832/l0o6nbk0/t-shirt/l/4/f/l-panda-olive-base-41-original-imagceqf2gzfnnhm.jpeg?q=70,355,5,1,brand1
prod89,https://rukminim2.flixcart.com/image/832/832/ksgehzk0/t-shirt/b/o/q/s-zebra-veirdo-original-imag6yt3sfgxuhtd.jpeg?q=70,670,1,0,brand2
prod90,https://rukminim2.flixcart.com/image/832/832/xif0q/t-shirt/0/w/y/s-3801-the-dry-state-original-imagcgzhu9un29uf-bb.jpeg?q=70,900,3,1,brand3
prod91,https://rukminim2.flixcart.com/image/832/832/xif0q/t-shirt/h/8/4/m-culish-tshirt12-culish-original-imaghbm8u3mt6cbb.jpeg?q=70,600,3,0,brand4
prod92,https://rukminim2.flixcart.com/image/832/832/knunf680/t-shirt/u/c/f/s-crp-nvr-viral-trend-original-imag2gy84dsejzax.jpeg?q=70,480,5,1,brand5
prod93,https://rukminim2.flixcart.com/image/832/832/xif0q/t-shirt/9/q/y/s-po3-grl-fs49-groovy-blk-wild-red-battle-leotude-original-imagfqu6zafgywgh.jpeg?q=70,754,5,0,brand1
prod94,https://rukminim2.flixcart.com/image/832/832/xif0q/t-shirt/m/9/8/s-grl-fs49-bllkk-wildd-leotude-original-imaghczqjecqwzeg.jpeg?q=70,1000,2,1,brand2
prod95,https://rukminim2.flixcart.com/image/832/832/k0bbb0w0/t-shirt/z/f/s/xs-mtro18-ii-rn-hs-black-white-metronaut-original-imafk56a9z9r6gcb.jpeg?q=70,999,4,0,brand3
prod96,https://rukminim2.flixcart.com/image/832/832/xif0q/t-shirt/9/3/d/xl-women-cb-ovrsz-og-reifica-original-imagm3zvugjshzkg.jpeg?q=70,376,3,1,brand4
prod97,https://rukminim2.flixcart.com/image/832/832/xif0q/t-shirt/e/e/s/m-os-st3008-td-veirdo-original-imagcznutvegc5kn-bb.jpeg?q=70,875,4,1,brand5
prod98,https://rukminim2.flixcart.com/image/832/832/xif0q/t-shirt/p/f/s/l-1jgrf-wom-humble-pink-jugular-original-imaghdqdbgcqtykr.jpeg?q=70,578,4,1,brand4
prod99,https://rukminim2.flixcart.com/image/612/612/xif0q/t-shirt/l/0/h/m-1jgrh-lsefit-fball-blk-jugular-original-imagrfhdgmbuzyd5.jpeg?q=70,234,5,1,brand1
prod100,https://rukminim2.flixcart.com/image/612/612/xif0q/t-shirt/m/1/1/xxl-lh-os-hoodie-hs-pink-44-size-xxl-london-hills-original-imaggth3uxfady2t.jpeg?q=70,354,3,0,brand2
prod101,https://rukminim2.flixcart.com/image/612/612/xif0q/t-shirt/c/i/0/xl-half-latter-one-nb-nicky-boy-original-imagmmcsjgufmvdq.jpeg?q=70,400,5,1,brand3
prod102,https://rukminim2.flixcart.com/image/612/612/xif0q/t-shirt/r/v/k/m-ausk0165-ausk-original-imaghu9fbhcgf2za.jpeg?q=70,780,1,0,brand4
prod103,https://rukminim2.flixcart.com/image/612/612/l0e6kcw0/t-shirt/h/g/d/m-half-triangel-black-one-nb-nicky-boy-original-imagc747apzffz5q.jpeg?q=70,600,3,1,brand5
prod104,https://rukminim2.flixcart.com/image/612/612/xif0q/t-shirt/s/c/p/m-db1024-15-3bros-original-imagz8zjfxthf7kn.jpeg?q=70,250,3,0,brand2
prod105,https://rukminim2.flixcart.com/image/612/612/xif0q/t-shirt/b/t/i/xl-0040-allsah-creation-original-imagqwtgh4b9zpzy.jpeg?q=70,800,5,1,brand2
prod106,https://rukminim2.flixcart.com/image/612/612/xif0q/t-shirt/z/x/h/s-all-war-one-nb-nicky-boy-original-imagjz84bpzar2ha.jpeg?q=70,190,5,0,brand3
prod107,https://rukminim2.flixcart.com/image/612/612/l0e6kcw0/t-shirt/m/v/1/xl-half-triangel-black-one-nb-nicky-boy-original-imagc748kbszkvbz.jpeg?q=70,520,2,1,brand4
prod108,https://rukminim2.flixcart.com/image/612/612/xif0q/t-shirt/t/e/0/l-st-theboys-black-smartees-original-imagnqszzzzyuzru.jpeg?q=70,430,5,1,brand5
prod109,https://rukminim2.flixcart.com/image/612/612/xif0q/t-shirt/m/e/p/xl-oosh0135-oosh-original-imagm73ewuyxh3uf.jpeg?q=70,200,3,1,brand1
prod110,https://rukminim2.flixcart.com/image/612/612/xif0q/t-shirt/g/h/z/m-bwmrn-z31-blive-original-imaggcfgh73rnqfg.jpeg?q=70,543,5,0,brand2
prod111,https://rukminim2.flixcart.com/image/612/612/xif0q/t-shirt/i/z/z/xl-bblrn-z65-blive-original-imagrm9xt2hjzrhq.jpeg?q=70,299,2,1,brand3
prod112,https://rukminim2.flixcart.com/image/612/612/xif0q/t-shirt/e/p/m/m-t-25-2nd-bukkl-original-imaghnnzwdhya9mr.jpeg?q=70,699,5,1,brand4
prod113,https://rukminim2.flixcart.com/image/612/612/xif0q/t-shirt/b/0/v/l-tbgrrn-d45-tripr-original-imagza9znc7nhfhj.jpeg?q=70,199,1,1,brand5
prod114,https://rukminim2.flixcart.com/image/612/612/kp4difk0/t-shirt/r/q/n/xl-auskk-061-ausk-original-imag3fhatamvgrzp.jpeg?q=70,390,3,0,brand1
prod115,https://rukminim2.flixcart.com/image/612/612/kr58yvk0/t-shirt/y/8/g/xxl-r-hf-458-white-london-hills-original-imag4ztgzx9chygx.jpeg?q=70,378,3,0,brand2
prod116,https://rukminim2.flixcart.com/image/612/612/kkh6zrk0/t-shirt/w/j/n/m-t344hs-whsb-new-eyebogler-original-imafztgjdpkvr8ab.jpeg?q=70,700,5,0,brand3
prod117,https://rukminim2.flixcart.com/image/612/612/xif0q/t-shirt/2/g/a/m-bblrn-z92-blive-original-imagrxewesbwdnjr.jpeg?q=70,345,5,0,brand4
prod118,https://rukminim2.flixcart.com/image/612/612/xif0q/t-shirt/s/c/s/s-gt-4-dyrectdeals-original-imagmg9x3wackb7a.jpeg?q=70,499,2,1,brand5
prod119,https://rukminim2.flixcart.com/image/612/612/l4zxn680/t-shirt/a/7/c/m-st-colorleaf-navy-smartees-original-imagfs4paqzgkteh.jpeg?q=70,360,4,1,brand1
prod120,https://rukminim2.flixcart.com/image/612/612/xif0q/t-shirt/c/f/r/s-vd-os-100-frgorgnl-sw-veirdo-original-imagp8yvrkmg6njs.jpeg?q=70,564,3,0,brand3
prod121,https://rukminim2.flixcart.com/image/612/612/l2rwzgw0/t-shirt/m/w/p/3xl-t434hs-rdwh-eyebogler-original-imageffubaqpyz8b.jpeg?q=70,123,1,1,brand5
prod122,https://rukminim2.flixcart.com/image/612/612/xif0q/t-shirt/g/4/h/s-half-star-one-nb-nicky-boy-original-imagrenhh8qzz5tq.jpeg?q=70,278,3,0,brand2
prod123,https://rukminim2.flixcart.com/image/612/612/xif0q/t-shirt/p/a/g/m-1jgrh-lsefit-fearless-wh-jugular-original-imagrck4tws8fdug.jpeg?q=70,324,2,1,brand4
prod124,https://rukminim2.flixcart.com/image/612/612/kflftzk0-0/t-shirt/y/b/n/m-aps-12-ausk-original-imafwyf9ecyzy7xn.jpeg?q=70,674,3,1,brand2
prod125,https://rukminim2.flixcart.com/image/612/612/l1grgcw0/t-shirt/x/o/5/m-t428hs-tm5p-eyebogler-original-imagdf2egzjxeqgk.jpeg?q=70,400,5,0,brand1
prod126,https://rukminim2.flixcart.com/image/612/612/ku2zjww0/t-shirt/p/n/d/xl-ausk057-ausk-original-imag7adzy5fej3zu.jpeg?q=70,205,4,1,brand3
prod127,https://rukminim2.flixcart.com/image/612/612/xif0q/t-shirt/s/s/f/m-db1024-02-3bros-original-imagz8qcr57k2gug.jpeg?q=70,364,3,0,brand5
prod128,https://rukminim2.flixcart.com/image/612/612/kzrbiq80/t-shirt/r/5/8/m-db1029-15-3bros-original-imagbp4cm2gmdcqb.jpeg?q=70,450,2,1,brand3
prod129,https://rukminim2.flixcart.com/image/612/612/xif0q/shirt/e/i/h/xxl-men-regular-slim-fit-solid-button-down-collar-formal-shirt-original-imaggvvnywmgthyq.jpeg?q=70,690,4,1,brand1
prod130,https://rukminim2.flixcart.com/image/612/612/xif0q/shirt/n/i/h/s-r-stbrg-stoneberg-original-imaggjymvpnxz6re.jpeg?q=70,700,5,0,brand2
prod131,https://rukminim2.flixcart.com/image/612/612/xif0q/shirt/o/e/j/-original-imagzkd3nzm5nz3p.jpeg?q=70,800,4,1,brand3
prod132,https://rukminim2.flixcart.com/image/612/612/xif0q/shirt/h/u/j/-original-imags44yh39sbjkm.jpeg?q=70,390,3,0,brand4
prod133,https://rukminim2.flixcart.com/image/612/612/xif0q/shirt/3/o/p/xl-kcsh-fo-1647-grey-fubar-original-imagpspz8anapdby.jpeg?q=70,900,5,1,brand5
prod134,https://rukminim2.flixcart.com/image/612/612/xif0q/shirt/h/g/v/l-fo-shrt-499-cmnt-5th-anfold-original-imafkhgxzg9dfmwk-bb.jpeg?q=70,2000,4,0,brand1
prod135,https://rukminim2.flixcart.com/image/612/612/xif0q/shirt/o/a/h/l-frml-st2-vebnor-original-imagqwvts9faaq7p.jpeg?q=70,1700,1,1,brand2
prod136,https://rukminim2.flixcart.com/image/612/612/xif0q/shirt/s/h/i/xl-sfs-olive-s-regaltreasure-original-imagzscxvu6csj7q.jpeg?q=70,1200,2,0,brand3
prod137,https://rukminim2.flixcart.com/image/612/612/xif0q/shirt/f/u/o/-original-imags44ypbdmcvhe.jpeg?q=70,590,3,1,brand4
prod138,https://rukminim2.flixcart.com/image/612/612/xif0q/shirt/x/d/p/40-vhsfbcupl44102-van-heusen-original-imagpzh3cdyjcqk4.jpeg?q=70,860,4,0,brand5
prod139,https://rukminim2.flixcart.com/image/612/612/xif0q/shirt/d/2/k/3xl-men-regular-slim-fit-solid-button-down-collar-formal-shirt-original-imagfh9bespwscun.jpeg?q=70,590,5,1,brand1
prod140,https://rukminim2.flixcart.com/image/612/612/l3t2fm80/shirt/t/k/d/l-r-olive-green-stoneberg-original-imageum3wdarrhhp.jpeg?q=70,1000,6,0,brand2
prod141,https://rukminim2.flixcart.com/image/612/612/xif0q/shirt/6/s/u/m-r-aqua-blue-stoneberg-original-imaghfs4surfby6y.jpeg?q=70,999,1,1,brand3
prod142,https://rukminim2.flixcart.com/image/612/612/l5fnhjk0/shirt/b/c/w/44-araesh0073-arrow-original-imagg3z6ydprv5xn.jpeg?q=70,1299,2,0,brand4
prod143,https://rukminim2.flixcart.com/image/612/612/l02r1jk0/shirt/f/g/7/m-fbrml-r-fibermill-original-imagbxyucazhchfx.jpeg?q=70,1699,1,1,brand5
prod144,https://rukminim2.flixcart.com/image/612/612/xif0q/shirt/5/8/p/xxl-r-stbrg-stoneberg-original-imaggm4axefejzsc.jpeg?q=70,1499,5,0,brand2
prod145,https://rukminim2.flixcart.com/image/612/612/xif0q/shirt/6/i/g/40-aradosh1283-arrow-original-imagq9zcmfggtssk.jpeg?q=70,2899,5,0,brand1
prod146,https://rukminim2.flixcart.com/image/612/612/xif0q/shirt/a/p/f/-original-imaghrnsmt48qmfm.jpeg?q=70,1600,4,0,brand2
prod147,https://rukminim2.flixcart.com/image/612/612/l02r1jk0/shirt/l/6/m/m-fbrml-r-fibermill-original-imagbxyuxtyj64gz.jpeg?q=70,3400,5,1,brand2
prod148,https://rukminim2.flixcart.com/image/612/612/xif0q/shirt/h/a/s/3xl-fo-shrt-499-skyblu-5th-anfold-original-imafkhhrgtwyheda-bb.jpeg?q=70,4300,2,0,brand3
prod149,https://rukminim2.flixcart.com/image/612/612/xif0q/shirt/v/d/6/40-pesfwnup824782-peter-england-original-imagrdnyzvzg4ftd.jpeg?q=70,5670,2,1,brand4
prod150,https://rukminim2.flixcart.com/image/612/612/xif0q/shirt/q/r/c/40-pesfmslb721833-peter-england-original-imaghwegeem8tzdk.jpeg?q=70,1368,3,0,brand5
prod151,https://rukminim2.flixcart.com/image/612/612/xif0q/shirt/s/i/e/-original-imags44yan8euzdy.jpeg?q=70,3245,4,1,brand3
prod152,https://rukminim2.flixcart.com/image/612/612/l02r1jk0/shirt/q/7/y/xl-fbrml-r-fibermill-original-imagbxyuz9h4kuze.jpeg?q=70,765,5,0,brand3
prod153,https://rukminim2.flixcart.com/image/612/612/xif0q/shirt/7/a/b/39-peshwnup650769-peter-england-original-imagpwfaktgg72g9.jpeg?q=70,984,4,0,brand2
prod154,https://rukminim2.flixcart.com/image/612/612/jjn6d8w0/shirt/a/z/g/50-vhsh1m76818-van-heusen-original-imaevxv6vghbzkey.jpeg?q=70,653,3,0,brand4
prod155,https://rukminim2.flixcart.com/image/612/612/xif0q/shirt/f/1/o/-original-imagznz8nk6gy6zv.jpeg?q=70,2346,5,1,brand2
prod156,https://rukminim2.flixcart.com/image/612/612/xif0q/shirt/s/j/m/38-arafsh1090-arrow-original-imagzg3gptnz7xpp.jpeg?q=70,809,4,1,brand1
prod157,https://rukminim2.flixcart.com/image/612/612/xif0q/shirt/y/e/u/-original-imagg7rhqhfgvj2q.jpeg?q=70,987,1,0,brand3
prod158,https://rukminim2.flixcart.com/image/612/612/xif0q/shirt/0/h/v/40-peshwnufw80868-peter-england-original-imagpmdjdpj9rdzc.jpeg?q=70,456,2,1,brand5
prod159,https://rukminim2.flixcart.com/image/612/612/xif0q/shirt/a/3/o/40-peshwnuph40723-peter-england-original-imagppknqk5apajp.jpeg?q=70,786,3,0,brand3
prod160,https://rukminim2.flixcart.com/image/612/612/xif0q/shirt/u/e/n/xl-for-chkbom-blue-base-41-original-imagn48q89shuh3c.jpeg?q=70,987,4,1,brand1
prod161,https://rukminim2.flixcart.com/image/612/612/xif0q/shirt/v/r/v/44-spl-dvmfshs09-071-don-vino-original-imagq55mzenpavya.jpeg?q=70,567,5,1,brand2
prod162,https://rukminim2.flixcart.com/image/612/612/l0jwbrk0/shirt/c/z/7/38-wewin-new-f-ramraj-cotton-original-imagcb52xppbvent.jpeg?q=70,1234,6,0,brand3
prod163,https://rukminim2.flixcart.com/image/612/612/ja9yg7k0/shirt/w/v/z/42-vhsh1m76833-van-heusen-original-imaevxv62gjrzcxp.jpeg?q=70,342,1,1,brand4
prod164,https://rukminim2.flixcart.com/image/612/612/xif0q/shirt/p/d/s/-original-imagrdzgkwdzy7ps.jpeg?q=70,785,2,0,brand5
prod165,https://rukminim2.flixcart.com/image/612/612/xif0q/shirt/n/p/f/40-peshwslpp89765-peter-england-original-imagr8fghygawg3g.jpeg?q=70,324,1,1,brand1
prod166,https://rukminim2.flixcart.com/image/612/612/xif0q/shirt/u/y/j/40-vhshfcubs18923-van-heusen-original-imagqhgysmbhprkn.jpeg?q=70,543,5,1,brand2
prod167,https://rukminim2.flixcart.com/image/612/612/xif0q/shirt/z/x/a/-original-imagg7rgryzrbggb.jpeg?q=70,1809,5,0,brand3
prod168,https://rukminim2.flixcart.com/image/612/612/xif0q/shirt/v/m/w/-original-imags8jpgyzwxdya.jpeg?q=70,1000,4,1,brand4
prod169,https://rukminim2.flixcart.com/image/612/612/xif0q/shirt/c/m/c/-original-imags8jpregw6hrn.jpeg?q=70,1500,5,0,brand5
prod170,https://rukminim2.flixcart.com/image/612/612/xif0q/shirt/c/o/j/42-peshmnubr44603-peter-england-original-imaggsssj5hv9hvr.jpeg?q=70,2300,2,1,brand1
prod171,https://rukminim2.flixcart.com/image/612/612/xif0q/shirt/d/1/n/42-peshoslpn49193-peter-england-original-imagrwbfeyvgz39n.jpeg?q=70,999,2,0,brand2
prod172,https://rukminim2.flixcart.com/image/612/612/xif0q/shirt/1/d/y/-original-imags8jhgpwfsscv.jpeg?q=70,679,3,1,brand3
prod173,https://rukminim2.flixcart.com/image/612/612/kurta/a/u/v/ok-1-blk-royal-kurta-42-original-imaefngnzyxrzthg.jpeg?q=70,574,2,0,brand2
prod174,https://rukminim2.flixcart.com/image/612/612/xif0q/kurta/4/z/a/m-kurta-long-black-s-ashapura-fashion-original-imagmygkbmkhq364.jpeg?q=70,865,3,1,brand3
prod175,https://rukminim2.flixcart.com/image/612/612/k6ci8i80/ethnic-set/8/n/g/xxl-k0004670-f002-black-zois-original-imafztmmbgy7xgbz.jpeg?q=70,987,4,0,brand4
prod176,https://rukminim2.flixcart.com/image/612/612/xif0q/kurta/8/n/f/3xl-kk1006-6-3xl-kurtakulture-original-imagznvr5xv9yzhf.jpeg?q=70,344,5,1,brand5
prod177,https://rukminim2.flixcart.com/image/612/612/xif0q/ethnic-set/3/r/d/xxl-men-cotton-thread-work-kurta-with-payjama-hanumantfebric-original-imagqjkxqmsqfmfd.jpeg?q=70,723,4,0,brand2
prod178,https://rukminim2.flixcart.com/image/612/612/k6ci8i80/ethnic-set/f/7/g/m-k0004322-f002-light-gold-zois-original-imafzt43dzffchhk.jpeg?q=70,2190,3,1,brand1
prod179,https://rukminim2.flixcart.com/image/612/612/k6ci8i80/ethnic-set/z/e/y/l-k0003899-f002-off-white-zois-original-imafzsz82krqpv7q.jpeg?q=70,1800,5,0,brand2
prod180,https://rukminim2.flixcart.com/image/612/612/l4hcx3k0/kurta/q/c/t/s-light-green-scl15011-seva-chikan-original-imagfdfzjyx9j3cs.jpeg?q=70,800,4,0,brand2
prod181,https://rukminim2.flixcart.com/image/612/612/k6ci8i80/kurta/q/3/h/xl-k0004834-zois-original-imafzt47dtghtrkt.jpeg?q=70,299,1,0,brand3
prod182,https://rukminim2.flixcart.com/image/612/612/k6ci8i80/ethnic-set/y/f/y/m-k0004835-f002-off-white-zois-original-imafzsz89hphnhze.jpeg?q=70,699,2,1,brand4
prod183,https://rukminim2.flixcart.com/image/612/612/k6ci8i80/ethnic-set/w/f/w/s-k0004526-f002-off-white-zois-original-imafzt45jk7t4zhq.jpeg?q=70,909,3,1,brand5
prod184,https://rukminim2.flixcart.com/image/612/612/jihqljk0/kurta/h/a/a/xl-gm052-sahora-original-imaf68wbayzffrer.jpeg?q=70,899,4,0,brand3
prod185,https://rukminim2.flixcart.com/image/612/612/xif0q/kurta/e/v/i/xxl-asha-b9843mck-asha-boutique-original-imaghhwvggefqx9w.jpeg?q=70,846,5,1,brand3
prod186,https://rukminim2.flixcart.com/image/612/612/kfk0e4w0-0/kurta/z/u/i/xl-kiaz104a-kiaz-fashion-original-imafvzg9h5pdzgdp.jpeg?q=70,963,6,0,brand2
prod187,https://rukminim2.flixcart.com/image/612/612/xif0q/kurta/q/m/d/m-bbb-mc-krt-sasa-original-imagfhut2rsz2hm8.jpeg?q=70,789,1,1,brand4
prod188,https://rukminim2.flixcart.com/image/612/612/xif0q/ethnic-set/0/l/5/l-pista-new-arrivals-printed-stylish-style-trending-checks-look-original-imaghckub6t3g32u.jpeg?q=70,591,2,1,brand2
prod189,https://rukminim2.flixcart.com/image/612/612/jigb5ow0/kurta/m/y/h/xxl-gm046-sahora-original-imaf66n3d8ppxhj2.jpeg?q=70,500,1,0,brand1
prod190,https://rukminim2.flixcart.com/image/612/612/jhjg13k0/kurta/5/g/z/xxl-gm028-sahora-original-imaf5ga9snqv9jag.jpeg?q=70,900,5,1,brand3
prod191,https://rukminim2.flixcart.com/image/612/612/xif0q/kurta/e/n/w/3xl-edmk0115-enchanted-drapes-original-imagn5m3bcz5bekg.jpeg?q=70,1000,4,0,brand2
prod192,https://rukminim2.flixcart.com/image/612/612/xif0q/kurta/r/b/4/m-trndflctn29-trendivastra-original-imagrhbatacztthn.jpeg?q=70,900,3,1,brand3
prod193,https://rukminim2.flixcart.com/image/612/612/xif0q/kurta/0/c/r/xxl-trndflctn26-trendivastra-original-imagqzf84dvpesgn.jpeg?q=70,700,4,0,brand3
prod194,https://rukminim2.flixcart.com/image/612/612/xif0q/kurta/b/d/l/m-cap-new-short-kurtas-spoque-original-imagd5bwzzhbccs6-bb.jpeg?q=70,620,5,1,brand2
prod195,https://rukminim2.flixcart.com/image/612/612/kupuljk0/shopsy-kurta/p/k/v/l-smoke-green-ravendra-creation-original-imag7s4hahbyqttj.jpeg?q=70,580,6,0,brand4
prod196,https://rukminim2.flixcart.com/image/612/612/xif0q/kurta/2/q/w/xl-gsa007-finivo-fashion-original-imaghy6h9v8yhaqd.jpeg?q=70,640,1,1,brand2
prod197,https://rukminim2.flixcart.com/image/612/612/l2f20sw0/kurta/w/y/d/xl-shamray-kurta-half-elepants-original-imagdrzxbkzajyt2.jpeg?q=70,950,2,0,brand1
prod198,https://rukminim2.flixcart.com/image/612/612/xif0q/kurta/u/h/a/xl-rbbk-k10-svatantra-original-imagqeammfrvhngd.jpeg?q=70,1200,1,1,brand3
prod199,https://rukminim2.flixcart.com/image/612/612/xif0q/kurta/s/p/a/l-kcsh-krt-103-mao-fubar-original-imag7fpesvngbwyy-bb.jpeg?q=70,950,5,0,brand5
prod200,https://rukminim2.flixcart.com/image/612/612/xif0q/kurta/6/y/v/m-sksh-dt1105-black-fubar-original-imag4cpwzmhbufg4-bb.jpeg?q=70,1580,5,1,brand3
prod201,https://rukminim2.flixcart.com/image/612/612/ke5zzbk0-0/kurta/c/l/u/m-sksh-dt1105-dkow-fubar-original-imafuxfr8zkdgmhn.jpeg?q=70,2090,4,0,brand1
prod202,https://rukminim2.flixcart.com/image/612/612/xif0q/kurta/x/o/s/m-3rt2-t3-peacock-a-okay-original-imaggn44qhh3kg6n.jpeg?q=70,1235,5,1,brand2
prod203,https://rukminim2.flixcart.com/image/612/612/jjsw4nk0/kurta/m/g/9/3xl-eamkc0004-sayesha-original-imaf7aysr8jrrjfk.jpeg?q=70,1000,2,0,brand3
prod204,https://rukminim2.flixcart.com/image/612/612/k2urhjk0/kurta/q/x/a/xxl-mk1-made-in-the-shade-original-imafaskhzczzzrtf.jpeg?q=70,999,2,1,brand4
prod205,https://rukminim2.flixcart.com/image/612/612/xif0q/kurta/h/s/f/m-zipkurta-edinwolf-original-imagpk3naxmag6ur.jpeg?q=70,599,3,0,brand5
prod206,https://rukminim2.flixcart.com/image/612/612/kt64fbk0/kurta/b/g/6/s-cckr214-cross-court-original-imag6kghhcggvskc.jpeg?q=70,899,2,1,brand1
prod207,https://rukminim2.flixcart.com/image/612/612/xif0q/kurta/d/a/i/xxl-orange-201-reizen-original-imaghngsxkstyzyc.jpeg?q=70,399,3,1,brand2
prod208,https://rukminim2.flixcart.com/image/612/612/xif0q/kurta/v/k/k/l-brown-sws-kt-starkurta-maroon-allan-peter-original-imagnx3njfx5zgfu.jpeg?q=70,699,4,0,brand3
prod209,https://rukminim2.flixcart.com/image/612/612/xif0q/kurta/j/q/t/xl-4rt2-t3-white-a-okay-original-imaf5zstxhzxk5zn-bb.jpeg?q=70,799,5,1,brand4
prod210,https://rukminim2.flixcart.com/image/612/612/xif0q/kurta/q/g/b/xxl-bbskurtas-blissbie-original-imagzzwf9zxurthx.jpeg?q=70,499,4,0,brand5
prod211,https://rukminim2.flixcart.com/image/612/612/kkh6zrk0/dress/8/w/j/m-gr6174-black-harpa-original-imafztdygyzhhyzz.jpeg?q=70,899,5,0,brand4
prod212,https://rukminim2.flixcart.com/image/832/832/kuwzssw0/dress/z/f/p/xxl-ut-3005-aask-original-imag7xssrz7zrhw8.jpeg?q=70,489,2,1,brand5
prod213,https://rukminim2.flixcart.com/image/832/832/xif0q/dress/s/9/f/l-mcaw18d10-94-62-miss-chase-original-imafhvns8efubv4e-bb.jpeg?q=70,900,1,0,brand1
prod214,https://rukminim2.flixcart.com/image/612/612/kzn17680/dress/x/j/a/-original-imagbhuhrujwywfh.jpeg?q=70,784,2,1,brand2
prod215,https://rukminim2.flixcart.com/image/612/612/l5iid8w0/dress/1/n/2/s-md539-oomph-original-imagg6h5wu7hpjwt.jpeg?q=70,1000,1,0,brand3
prod216,https://rukminim2.flixcart.com/image/612/612/xif0q/dress/6/8/x/m-ttj6004201-tokyo-talkies-original-imafmgcq5bwq6xsm-bb.jpeg?q=70,459,5,1,brand4
prod217,https://rukminim2.flixcart.com/image/612/612/kq18n0w0/dress/1/x/x/l-siri-turtle-purvaja-original-imag44zqy3zakcny.jpeg?q=70,960,5,0,brand5
prod218,https://rukminim2.flixcart.com/image/612/612/xif0q/dress/l/w/e/m-dress-001-digsel-cottons-original-imagn9qy5mznuh7k.jpeg?q=70,890,4,1,brand1
prod219,https://rukminim2.flixcart.com/image/612/612/kv9urgw0/dress/b/n/q/s-ttj6005884-tokyo-talkies-original-imag87wh2u5cy3ry.jpeg?q=70,599,5,0,brand2
prod220,https://rukminim2.flixcart.com/image/612/612/xif0q/dress/g/u/o/l-1211-sheetal-associates-original-imag7aafpvt9rjdj-bb.jpeg?q=70,799,2,1,brand3
prod221,https://rukminim2.flixcart.com/image/612/612/xif0q/dress/a/n/a/m-floralprintdress-funday-fashion-original-imagcexnghu6ygrr-bb.jpeg?q=70,399,2,0,brand2
prod222,https://rukminim2.flixcart.com/image/612/612/k6xxua80/dress/z/z/3/l-286-shivay-style-original-imafp9yphyyf9ypv.jpeg?q=70,689,3,1,brand3
prod223,https://rukminim2.flixcart.com/image/612/612/kflftzk0/dress/s/h/t/m-gbk1214-god-bless-original-imafwysggz4ezqpu.jpeg?q=70,989,2,0,brand4
prod224,https://rukminim2.flixcart.com/image/612/612/xif0q/dress/l/m/w/xl-dress-001-digsel-cottons-original-imagn9qyqywfrnhz.jpeg?q=70,1050,3,1,brand5
prod225,https://rukminim2.flixcart.com/image/612/612/l2arp8w0/dress/k/j/2/s-310tk6045-selvia-original-imagdze4cxz97x2v.jpeg?q=70,1200,4,0,brand2
prod226,https://rukminim2.flixcart.com/image/612/612/xif0q/dress/h/t/i/l-3050-dl-fashion-original-imagra9x6jefc8xg.jpeg?q=70,1099,2,1,brand1
prod227,https://rukminim2.flixcart.com/image/612/612/xif0q/dress/m/d/n/xl-fsay-west-navy-sleeveless-p-fashion-say-original-imagqthxfaavz7u3.jpeg?q=70,1500,4,0,brand2
prod228,https://rukminim2.flixcart.com/image/832/832/xif0q/top/i/g/6/xl-top-135-iuga-original-imagzacqkpseep4h.jpeg?q=70,980,1,1,brand3
prod229,https://rukminim2.flixcart.com/image/612/612/xif0q/top/d/i/i/xl-plt208beige-pretty-loving-thing-original-imagkxfz6uuydcev.jpeg?q=70,650,2,0,brand1
prod230,https://rukminim2.flixcart.com/image/612/612/ksnjp8w0/top/m/x/n/m-plttp50pink-pretty-loving-thing-original-imag66c3yrutju5x.jpeg?q=70,940,1,1,brand2
prod231,https://rukminim2.flixcart.com/image/612/612/xif0q/top/t/v/r/m-204-black-aahwan-original-imagn5hk2xjdzatj.jpeg?q=70,1060,5,0,brand3
prod232,https://rukminim2.flixcart.com/image/612/612/koenl3k0/top/w/p/z/s-t0917-chimpaaanzee-original-imag2va6v2a6tsux.jpeg?q=70,999,4,1,brand4
prod233,https://rukminim2.flixcart.com/image/612/612/knyxqq80/top/b/y/d/xl-gr5977-green-harpa-original-imag2jeezgqxvhcy.jpeg?q=70,589,3,0,brand2
prod234,https://rukminim2.flixcart.com/image/612/612/xif0q/top/1/9/c/xs-00105-top-dl-fashion-original-imagk4kmsstwyjgf.jpeg?q=70,379,4,1,brand1
prod235,https://rukminim2.flixcart.com/image/612/612/xif0q/top/x/b/3/l-kf-28-women-square-neck-full-sleeve-top-krishnafit-original-imaggqn8fy2gdtrz.jpeg?q=70,500,5,0,brand2
prod236,https://rukminim2.flixcart.com/image/612/612/l0mr7gw0/top/t/u/k/xl-plttp71white-pretty-loving-thing-original-imagcdjjbzj6pbuf.jpeg?q=70,400,5,1,brand3
prod237,https://rukminim2.flixcart.com/image/612/612/top/u/p/x/1-1-fct10-s-finesse-s-original-imaebey6zrzgwj2g.jpeg?q=70,900,1,0,brand4
prod238,https://rukminim2.flixcart.com/image/612/612/xif0q/top/s/w/e/s-sb-so-wht-016-blulosa-sollobell-original-imagr5yzhevaa9jp.jpeg?q=70,540,3,0,brand2
prod239,https://rukminim2.flixcart.com/image/612/612/l3rmzrk0/top/f/e/c/free-women-stylish-sleeveless-high-mock-neck-stretchable-knit-original-imagetgjtzguwnn7.jpeg?q=70,680,3,0,brand4
prod240,https://rukminim2.flixcart.com/image/612/612/l4u7vrk0/top/n/i/d/l-182-green-aahwan-original-imagfn66xbxwpshj.jpeg?q=70,1000,5,1,brand5
prod241,https://rukminim2.flixcart.com/image/612/612/xif0q/top/s/k/r/xs-ulss15tp01-07-171-05-ulss15tp01-07-171-uptownie-lite-original-imagg8hhqcy4md4w-bb.jpeg?q=70,1500,5,1,brand1
prod242,https://rukminim2.flixcart.com/image/612/612/xif0q/top/j/i/9/s-girls-top-tinytoes-original-imagsfyjcje9uzjf.jpeg?q=70,1099,4,0,brand2
prod243,https://rukminim2.flixcart.com/image/612/612/kflftzk0/top/w/w/m/l-gr5696-black-harpa-original-imafwyz3mmycgmxz.jpeg?q=70,895,5,1,brand3
prod244,https://rukminim2.flixcart.com/image/612/612/xif0q/top/3/n/b/xl-299tk164-selvia-original-imagbd35zdhu5qpc-bb.jpeg?q=70,320,2,0,brand4
prod245,https://rukminim2.flixcart.com/image/612/612/xif0q/top/8/k/r/xl-mt593-oomph-original-imagz77ctwn34cnw.jpeg?q=70,200,2,1,brand5
prod246,https://m.media-amazon.com/images/I/516i6xqOCnL._AC_UL600_FMwebp_QL65_.jpg,450,5,0,brand3
prod247,https://m.media-amazon.com/images/I/5168qJDu2zL._AC_UL600_FMwebp_QL65_.jpg,980,2,1,brand4
prod248,https://m.media-amazon.com/images/I/41eWL08tMPL._AC_UL600_FMwebp_QL65_.jpg,1599,3,0,brand5
prod249,https://m.media-amazon.com/images/I/61+5kz4wt3L._AC_UL600_FMwebp_QL65_.jpg,1200,1,1,brand1
prod250,https://m.media-amazon.com/images/I/41OReh8RBVL._AC_UL600_FMwebp_QL65_.jpg,4999,4,0,brand2
prod251,https://m.media-amazon.com/images/I/51tRLFRX3KL._AC_UL600_FMwebp_QL65_.jpg,300,5,1,brand3
prod252,https://m.media-amazon.com/images/I/31lwoaMEVmL._AC_UL600_FMwebp_QL65_.jpg,900,4,0,brand4
prod253,https://m.media-amazon.com/images/I/51-P6dPHCeL._AC_UL600_FMwebp_QL65_.jpg,4000,3,1,brand5
prod254,https://m.media-amazon.com/images/I/61vjxdr1mrL._AC_UL600_FMwebp_QL65_.jpg,599,5,0,brand4
prod255,https://m.media-amazon.com/images/I/517lpIg-CkL._AC_UL600_FMwebp_QL65_.jpg,789,4,1,brand5
prod256,https://m.media-amazon.com/images/I/51FP4ve25SL._AC_UL600_FMwebp_QL65_.jpg,459,1,0,brand1
prod257,https://m.media-amazon.com/images/I/51iMYrqeuGL._AC_UL600_FMwebp_QL65_.jpg,890,2,1,brand2
prod258,https://m.media-amazon.com/images/I/71xvrQAfHJL._AC_UL600_QL65_.jpg,2150,3,0,brand3
prod259,https://m.media-amazon.com/images/I/51G5ZaZuudL._AC_UL600_QL65_.jpg,8520,4,1,brand4
prod260,https://m.media-amazon.com/images/I/51K-UvHJaiL._AC_UL600_QL65_.jpg,4120,5,1,brand5
prod261,https://m.media-amazon.com/images/I/512YOk9KS6L._AC_UL600_QL65_.jpg,3200,4,0,brand1
